Accident/Injury Type,Year,Count
Fatal Accidents,2011,"6,349"
Serious Accidents,2011,"4,875"
Minor Accidents,2011,"9,438"
Damage Only Accidents,2011,"428,378"
Total Accidents,2011,"449,040"
Deaths,2011,"6,877"
Seriously Injured,2011,"6,328"
Lightly Injured,2011,"12,365"
Fatal Accidents,2012,"6,381"
Serious Accidents,2012,"4,694"
Minor Accidents,2012,"9,398"
Damage Only Accidents,2012,"441,950"
Total Accidents,2012,"462,423"
Deaths,2012,"6,917"
Seriously Injured,2012,"5,868"
Lightly Injured,2012,"11,654"
Fatal Accidents,2013,"6,308"
Serious Accidents,2013,"3,567"
Minor Accidents,2013,"6,523"
Damage Only Accidents,2013,"460,806"
Total Accidents,2013,"477,204"
Deaths,2013,"6,915"
Seriously Injured,2013,"4,597"
Lightly Injured,2013,"8,388"
Fatal Accidents,2014,"6,187"
Serious Accidents,2014,"3,477"
Minor Accidents,2014,"7,099"
Damage Only Accidents,2014,"459,433"
Total Accidents,2014,"476,196"
Deaths,2014,"6,674"
Seriously Injured,2014,"4,432"
Lightly Injured,2014,"8,598"
Fatal Accidents,2015,"6,193"
Serious Accidents,2015,"3,210"
Minor Accidents,2015,"5,733"
Damage Only Accidents,2015,"474,470"
Total Accidents,2015,"489,606"
Deaths,2015,"6,706"
Seriously Injured,2015,"4,120"
Lightly Injured,2015,"7,432"
Fatal Accidents,2016,"6,570"
Serious Accidents,2016,"3,478"
Minor Accidents,2016,"5,527"
Damage Only Accidents,2016,"505,891"
Total Accidents,2016,"521,466"
Deaths,2016,"7,152"
Seriously Injured,2016,"4,506"
Lightly Injured,2016,"7,415"
Fatal Accidents,2017,"6,265"
Serious Accidents,2017,"2,468"
Minor Accidents,2017,"4,919"
Damage Only Accidents,2017,"520,223"
Total Accidents,2017,"533,875"
Deaths,2017,"6,740"
Seriously Injured,2017,"3,310"
Lightly Injured,2017,"6,539"
Fatal Accidents,2018,"5,870"
Serious Accidents,2018,"2,242"
Minor Accidents,2018,"4,236"
Damage Only Accidents,2018,"536,250"
Total Accidents,2018,"548,598"
Deaths,2018,"6,284"
Seriously Injured,2018,"2,964"
Lightly Injured,2018,"5,377"
Fatal Accidents,2019,"5,764"
Serious Accidents,2019,"2,581"
Minor Accidents,2019,"5,051"
Damage Only Accidents,2019,"554,120"
Total Accidents,2019,"567,516"
Deaths,2019,"6,167"
Seriously Injured,2019,"3,022"
Lightly Injured,2019,"5,855"
